smiles,nucleophilicity
CC(C)(C)C[O:1]CC(C)(C)C,-4.977962552
c1ccc(cc1)CC(=[O:1])c2ccccc2,-3.474917623
CCN(CC)C(=[O:1])C,0.989074244
CC(C)[C:1](=C[O-])C(C)C,18.91087074
CCCC(=[O:1])C(C)C,-2.76647365
CCC(C)C=[O:1],-3.319440499
CCC(=[NH:1])CC,11.15351458
CC[N:1]=Cc1ccccc1,8.437548393
CC(C)C(C(C)C)[NH-:1],30.86603582
C[C:1](=[N+]([O-])[O-])C,18.04054071
CCC(C)(C)[O:1]Cc1ccccc1,-3.553323364
CC(C)(C)C[O:1]C,-3.746084788
CCNC(=[O:1])C(C)C,-0.951107764
CC(C)C[C:1](=[N+]([O-])[O-])CC(C)C,15.14545511
CCC(CC)[C:1](=[N+]([O-])[O-])C,17.3334893
CCC(C(C)C)[O:1]CC,-4.915755093
CCC[C:1](=[N+]([O-])[O-])CCC,17.51583
CCCOC(=[O:1])c1ccccc1,-6.574905518
CCC(CC)C(=[O:1])O,-4.095685123
CCCN(CC)C(=[O:1])C(C)C,-1.969114264
CCCNC(=[O:1])c1ccccc1,-2.236694235
C[N:1](C)c1ccccc1,5.672281248
CCC(CC)[C:1](=[N+]([O-])[O-])C(C)(C)C,14.25541455
CCC[N:1](CC(C)C)C(C)C,8.716963591
CCC[CH-:1]CCC,41.51263156
CCC(C(C)C)[C:1](=C=[N-])CC(C)(C)C,23.72367046
CCC[N:1]=C(CC)CC,10.87449926
CC[C-:1](CC)C(C)C,39.35270103
CC(=[O:1])NC,0.798586573
CCC(CC)[O:1]c1ccccc1,-7.721085104
CC=[N:1]C,8.66311339
CCC[N:1]=C,9.156857387
CCCC(=[NH:1])C(C)C,10.36431158
CC[N-:1]Cc1ccccc1,29.20885611
CC(C)NC(=[O:1])C,0.851248468
CC[C:1](=C(C)[O-])Cc1ccccc1,20.34316718
CC(C)[C:1](=C(C)[O-])C(C)C,21.57101783
c1ccc(cc1)C[NH-:1],28.79954713
CC[N:1]=CC,9.790813701
c1ccc(cc1)[CH:1]=C=[N-],19.01607867
CC[N:1]=C(C)C,11.65311489
CCC[O:1]C(C(C)C)C(C)C,-4.720016541
c1ccc(cc1)C[C:1](=[N+]([O-])[O-])c2ccccc2,14.86780673
CC[C:1](=C(C)[O-])c1ccccc1,17.84541267
CCC(C)C(=[O:1])CC(C)(C)C,-3.413580025
CC[N:1](C)c1ccccc1,5.768176754
C[CH-:1][N+]#N,10.19263065
CCC[N:1](C(C)C)C(C)(C)C,7.561607008
CC[N:1]=C,9.194381604
CCC(C(C)C)[C-:1](CC)[N+]#N,6.902800498
CCC[N:1]=C(C)Cc1ccccc1,10.01132186
CCC(C(C)C)[N-:1]C,31.08009883
CCCC=[NH:1],10.03999895
CCC(CC)C(=[O:1])OCC,-4.413524895
CC(C)C(C(C)C)[C-:1](C(C)C)[N+]#N,-1.295553188
CC(C)(C)CC(=[O:1])C(C)(C)C,-5.749107419
CC(C)[C:1](=[N+]([O-])[O-])C(C)(C)C,16.39758738
CCC(C)[O:1]c1ccccc1,-6.675700945
CCC[C:1](=[N+]([O-])[O-])C(C)CC,17.05770821
CCC(CC)[CH-:1][N+]#N,8.396026701
CCC[N:1](CC)C(C)(C)C,8.908754605
CC(C)(C)[C-:1](c1ccccc1)[N+]#N,6.021041351
CCC[C-:1](CC(C)C)[N+]#N,8.554452254
CCC[C-:1](C)c1ccccc1,30.31948936
CCC(CC)[C-:1](CC)[N+]#N,7.262611037
CCN(C)C(=[O:1])c1ccccc1,-2.105293676
CCC(=[O:1])N(C)CC,-1.730043369
CC(C)C[C:1](=C=[N-])CC(C)C,23.25143578
CCC[CH:1]=C=[N-],26.11464416
CCC[C:1](=C=[N-])C(C(C)C)C(C)C,24.61962981
CC(C)COC=[O:1],-4.791536055
CC(C)[C:1](=C[O-])Cc1ccccc1,20.04318118
CCCC(=[O:1])Cc1ccccc1,-3.260573597
CCC[O:1]C,-3.280520016
CCC(CC)C(=[O:1])OC(C)C,-3.451855302
CCOC(=[O:1])c1ccccc1,-5.201954666
CCC(C(C)C)C(=[O:1])C(C)C,-3.03476382
CCC[C:1](=C(CC)[O-])c1ccccc1,19.21234225
CC(C)C[NH:1]C,10.99448188
CCCN(C(C)C)C(=[O:1])CC,1.099993988
CC[C-:1](C)CC,40.84378431
CCC(C(C)C)[C-:1](C(C)(C)C)[N+]#N,6.064884034
CC(C)C(=[O:1])NC(C)C,1.018777702
CCCOC(=[O:1])Cc1ccccc1,-3.90747513
CCCOC(=[O:1])C(CC)CC,-2.872292246
CCCN(C)C=[O:1],0.540087019
CCC(CC)C(=[O:1])C(CC)CC,-4.714735923
CC[N-:1]CC(C)(C)C,29.44638653
CC(C)(C)[NH:1]c1ccccc1,6.439445303
[N:1]#CC(C(C)C)C(C)C,-1.308352575
CC(C)(C)CC(=[O:1])c1ccccc1,-3.486824301
CCCC=[N:1]c1ccccc1,6.853087671
CCC(=[O:1])Nc1ccccc1,-1.237601802
CC(C)C[C:1](=[N+]([O-])[O-])C(C(C)C)C(C)C,13.56090566
CCNC=[O:1],-0.023989354
C[C-:1](CC(C)(C)C)[N+]#N,7.89222198
CCC(CC)[C:1](=C=[N-])C(C(C)C)C(C)C,22.09074035
[N:1]#C[H],-2.533107086
CCC[C-:1](C(CC)CC)[N+]#N,9.130734102
CC(C)[N-:1]c1ccccc1,20.08052658
CC(C)(C)[C:1](=C=[N-])C(C)(C)C,24.86998267
[C:1](C(C)(C)C)(C#N)=C=[N-],13.27440299
CC[N:1](CC)CC,9.89168355
CC[C-:1](C(C)C)C(C)C,40.54588821
CCC(CC)[C:1](=C=[N-])C(C)(C)C,24.18747736
CCC(C)C(=[O:1])O,-4.323153497
CC(C)C(C(C)C)C(=[O:1])C(C)C,-2.70880045
CCC(CC)[N-:1]C(C)(C)C,29.09723026
CC(C)[CH:1]=C(C)[O-],21.95026629
CC[C-:1](C)[N+]#N,10.13543538
CC(C)(C)C[NH-:1],29.8386103
CCC(CC)[C-:1](C(C)C)[N+]#N,6.900840802
C=[O:1],-5.835865203
CCC(CC)[O:1]C(C)(C)CC,-2.993289056
CC(C)[CH-:1]c1ccccc1,32.17593681
C[CH-:1]C(C)(C)C,40.69908182
CCN(CC)C(=[O:1])c1ccccc1,0.247198237
CCC[N:1]=CC,9.796963017
CC(C)NC=[O:1],-0.286270472
CCC[C-:1](C(C)C)C(C)C,40.7227438
CC[N-:1]CC(C)C,30.55826885
CCN(CC)C=[O:1],0.464361073
CCC[C-:1](CCC)CC(C)C,40.7514729
[C:1](CCC)(C#N)=C=[N-],13.26251633
CC(C)[CH:1]=C=[N-],25.69332425
CCC[N:1](CC)c1ccccc1,5.864072261
CC(C)(C)C[C:1](=C=[N-])CC(C)(C)C,24.11019348
CC(C)[C:1](=C[O-])c1ccccc1,17.57172017
CCC(C(C)C)C(=[O:1])C(C)(C)C,-4.887962955
CCC(C)[N-:1]Cc1ccccc1,29.34763392
CC[CH:1]=C(C)[O-],21.82006051
CCC(CC)[O:1]C(CC)CC,-2.229493283
CCC(=[N:1]CC)c1ccccc1,9.804249858
C[CH-:1]CC(C)C,41.81342769
CCC(C)[C:1](=C=[N-])C,25.62002458
C[NH2:1],11.09037739
CCC[N:1](C)CC,9.915657427
CCC(C)[CH:1]=[N+]([O-])[O-],16.82282724
CC(=[O:1])Cc1ccccc1,-3.173758536
CC(C)C[C-:1](c1ccccc1)[N+]#N,4.021575396
CC(C)C[CH-:1][N+]#N,9.548960956
C[CH:1]=C(C)[O-],22.7999527
CC(C)C[C:1](=C=[N-])C,26.25048381
CC(C)C(=[N:1]C)c1ccccc1,9.608621473
CCC[O:1]CC,-3.099782266
CCC(C(C)C)[C:1](=C=[N-])CC,24.73489489
CCCN(C=[O:1])c1ccccc1,-2.268759449
CC[N-:1]C(C(C)C)C(C)C,28.64204813
CCCC(=[O:1])C(C)(C)C,-3.33951491
CCCC(=[CH:1]C(C)C)[O-],23.30647092
CC(=[NH:1])c1ccccc1,9.784616245
CCCC(=[CH:1]Cc1ccccc1)[O-],22.00276778
CCC[C:1](=C(CC)[O-])C,24.30086835
CCC[N-:1]C(CC)C(C)C,31.11933334
CCC(=[CH:1]c1ccccc1)[O-],18.36093893
CCC(CC)OC(=[O:1])C(C)C,-3.817573754
CCCC(=[C:1](C)C(C)C)[O-],24.92316335
CCC[NH-:1],29.44448371
CCC(=[O:1])NC(C)C,-0.634286433
CCCN(CCC)C(=[O:1])c1ccccc1,0.20825418
[C-:1]#[N+]C(C)(CC)CC,9.467175998
CC(C)COC(=[O:1])C,-3.895373714
CCCC(=[C:1](CC)C(C)C)[O-],21.36674458
CCC(C(C)C)[N-:1]C(CC)C(C)C,31.4086452
CC(C)[N-:1]C(C)(C)C,29.99503781
CCC[C-:1](CCC)C(C)C,41.27651128
CCC=[O:1],-4.177632012
C[C:1](=C(c1ccccc1)[O-])C,21.64735861
CCC[N:1]=C(CC)Cc1ccccc1,9.732279127
CCC[C:1](=C=[N-])c1ccccc1,19.57819955
CC(C)C[C-:1](C)[N+]#N,8.440176302
CC(C)C[N:1](C)C(C)(C)C,8.692989714
CCC(CC)[N-:1]C(C)C,31.08617763
CC[N:1]=C(c1ccccc1)C(C)C,8.937294284
CC(C)(C)[N:1](C)C,10.17937007
CC(C)[C:1](=C=[N-])CC(C)(C)C,25.26134914
CC[N-:1]c1ccccc1,22.20486297
CCC(CC)[O:1]Cc1ccccc1,-4.691597212
[C:1](C(CC)(CC)CC)(C#N)=C=[N-],10.68373496
C(=[O:1])N,-0.696473828
c1ccc(cc1)[CH-:1][N+]#N,6.18618302
CCCC(=[O:1])OC(CC)CC,-2.737232796
CCC(C)OC(=[O:1])C,-3.052647419
CCCC(=[C:1](CC)Cc1ccccc1)[O-],21.9156847
CCC[C-:1](CC(C)(C)C)[N+]#N,6.932177013
C[C:1](=C(C)[O-])C,23.61615368
CCC(C)[C-:1](CC(C)C)[N+]#N,6.774370616
CC(C)(C)[CH2-:1],38.92601584
CCC[C:1](=C(CCC)[O-])CC,23.34460092
CC(C)(C)[C:1](=C=[N-])c1ccccc1,20.44450632
CC[C-:1](C(C(C)C)C(C)C)[N+]#N,6.49611119
CCC(C)[CH-:1][N+]#N,9.351525926
CC(C)(C)C[C-:1](CC(C)(C)C)[N+]#N,5.77616058
CCCN(CCC)C(=[O:1])C(C)C,-3.690744867
CCC[C-:1](CC)CCC,39.94899538
C[C:1](=C[O-])C,21.53773297
CCCN(CC)C(=[O:1])c1ccccc1,-1.957287711
CCCC(=[O:1])c1ccccc1,-3.991833379
CC[C-:1](CC)[N+]#N,9.705292069
CC(C)(C)[C-:1](Cc1ccccc1)[N+]#N,7.177274948
CCC[N:1](CC)CC(C)C,9.412206016
c1ccc(cc1)CC(=[O:1])O,-4.602085064
CCC(C)[NH-:1],30.00608805
CC(C)[NH:1]C(C)(C)C,8.740937467
CC(C)[CH-:1]C(C)C,40.12646588
[C-:1]#[N+]C(C)(C)CC,9.553407966
[C:1](C2=CC=CC=C2)(C#N)=C=[N-],8.482177731
CCN(C(C)C)C(=[O:1])c1ccccc1,0.257827043
CCC(C)[O:1]CC,-3.863730592
CC(C)CC(=[O:1])C,-1.77049153
CCC(CC)[C-:1](CC(C)C)[N+]#N,7.374469072
CC(C)[C:1](=[N+]([O-])[O-])C,17.61141927
CCC[C-:1](c1ccccc1)[N+]#N,5.233340506
CC(C)C=[N:1]c1ccccc1,6.562330588
CCC(C)OC(=[O:1])CC,-3.212513636
CC(C)C[NH2:1],10.92256025
CCC(C(C)C)[N-:1]CC(C)C,29.71646274
CC(C)(C)[O:1]Cc1ccccc1,-3.371273316
CCC(C)[C-:1](C(C)CC)[N+]#N,7.78598664
CC[N:1]=C(C)C(C)C,9.538774432
CCC(C)[C:1](=C=[N-])C(CC)C(C)C,22.41595081
CCC(C)C(=[O:1])OC,-3.98396768
CC[C:1](=C=[N-])Cc1ccccc1,25.751773
CCC(C)[C:1](=[N+]([O-])[O-])C(C)CC,16.46957891
CC(C)[N-:1]C(C)C,30.88403102
CC[N-:1]C(C)(C)C,29.82397918
CCC[C-:1](CC)CC(C)C,42.32381113
CCC(CC)[C:1](=C=[N-])CC(C)(C)C,24.32046886
CC(C)(C)[C:1](=[N+]([O-])[O-])C(C)(C)C,16.7707933
CCCN(C(C)C)C(=[O:1])C(C)C,-0.817122504
C[C-:1](c1ccccc1)[N+]#N,5.170107476
CCC[C:1](=C(C)[O-])C(C)C,20.99910307
CC[C-:1](C)C(C)(C)C,40.57640054
[CH3-:1],35.90496842
CCC(C)[C:1](=[N+]([O-])[O-])CC(C)C,16.66088046
CC[C:1](=C(C)[O-])C,23.46545278
CCCC(=[O:1])OCC(C)(C)C,-2.92242687
CCC[C:1](=[N+]([O-])[O-])C(C)(C)C,16.4635825
CC[C-:1](CC)CC,39.86113479
CCC(=[N:1]CC)C(C)C,10.53943548
CCCC=[N:1]CCC,9.894770119
CCCC(=[N:1]C)CC,11.08753692
C[O:1]c1ccccc1,-7.552478486
CC(C)C(=[N:1]C)Cc1ccccc1,10.23805806
CC(C)CC(=[O:1])CC(C)(C)C,-3.339502513
CC(C)(C)C(=[O:1])C(C)(C)C,-5.926477772
c1ccc(cc1)C(=[O:1])N,-0.173776817
CC(C)C[O:1]C(C)C,-2.826948485
CC(C)C(=[NH:1])Cc1ccccc1,8.745599555
CC(C)C(=[NH:1])c1ccccc1,9.298066751
CC(C)C[C:1](=[N+]([O-])[O-])C(C)(C)C,15.41994337
CC(=[O:1])CC(C)(C)C,-2.652019751
CCCC(=[O:1])OCc1ccccc1,-3.849918542
[C:1](C(C)(CC)CC)(C#N)=C=[N-],13.301028
CCC[C-:1](C)CC,40.7048766
CC(C)C(=[O:1])C,-2.302674134
CCC[N-:1]C(CC)CC,29.93287924
CC(C)N(C)C(=[O:1])C,0.1744028
CC(C)C(=[O:1])OC(C)C,-3.695457819
CCCN(c1ccccc1)C(=[O:1])CC,0.785800033
CC[C-:1](CC(C)C)[N+]#N,8.044558808
CCCC(=[N:1]c1ccccc1)C,7.355020936
CCNC(=[O:1])C,0.826433911
CCC[N:1]=CCC,9.963937405
CCC(C)[N-:1]C(C(C)C)C(C)C,29.23149094
CC[N:1](C)C(C)(C)C,9.148493372
CC[N:1](CC)Cc1ccccc1,10.02556204
CC(C)C[C:1](=[N+]([O-])[O-])C,16.15738228
CC(C)C[N:1](C)C(C)C,8.932728481
CCC(C(C)C)[C:1](=C=[N-])C(C)C,24.90544975
CC(C)C(C(C)C)[C:1](=[N+]([O-])[O-])C,15.70136364
CC(C)(C)C[C:1](=[N+]([O-])[O-])Cc1ccccc1,15.76159175
CCC(C)[C:1](=[N+]([O-])[O-])C(C)C,15.20268209
CCCN(Cc1ccccc1)C(=[O:1])CC,-2.012775388
CCCC(=[N:1]c1ccccc1)CC,8.192440485
CC(C)C[O:1]C,-3.405581228
CCC(CC)[C:1](=C=[N-])c1ccccc1,18.69778834
CCC(CC)[O:1]C(C(C)C)C(C)C,-1.480711817
CCCC(=[O:1])CC(C)C,-2.587498903
CC[C:1](=C=[N-])c1ccccc1,19.60436655
CCC(=[O:1])C(C(C)C)C(C)C,-3.738964829
C[O:1]C,-3.429840708
CC(C)C[N-:1]C(C(C)C)C(C)C,30.98844346
CC(C)[C-:1](C)C,40.48781563
CC(C)C[NH-:1],30.47845823
CCC(CC)[N-:1]C,30.35037435
CCC(C)(C)[O:1]CC(C)(C)C,-3.687184734
CC(C)[N:1](C)Cc1ccccc1,9.484127646
C[C:1](=C=[N-])C(C)(C)C,26.33209145
CC(C)[C:1](=[N+]([O-])[O-])C(C)C,16.05544251
CCC[C:1](=C(C)[O-])C,23.7237252
CC(C)(C)C[CH-:1][N+]#N,8.453374065
c1ccc(cc1)C[C:1](=C=[N-])c2ccccc2,18.77759305
CCC[NH:1]C(C)C,10.44308271
CCCC(=[CH2:1])[O-],22.3572293
CC(=[CH:1]c1ccccc1)[O-],17.92170048
CCC(CC)C(=[O:1])CC,-2.190221645
CC(C)C(=[O:1])N(C)C,-0.08753712
CCC[C:1](=C=[N-])C(C)CC,25.24839523
CC(C)C(C(C)C)[O:1]C(C)C,-3.982598865
[C:1](CC(C)(C)C)(C#N)=C=[N-],11.24164344
CC(C)C(=[O:1])c1ccccc1,-3.982936676
CC(C)C[N-:1]C,30.27033072
CC(C)C(C(C)C)C(=[O:1])C(C)(C)C,-4.915381729
CCC[C:1](=[N+]([O-])[O-])C(C)C,16.5815216
CCC(=[O:1])NCc1ccccc1,-1.990136485
CC(C)OC=[O:1],-4.711171574
CC[O:1]CC(C)(C)C,-3.592667157
CCC(C)[N-:1]C(CC)CC,29.52179287
CC[C:1](=C(CC)[O-])CC,22.33992185
[NH2-:1],27.40008058
CC(C)[C-:1](C)Cc1ccccc1,41.38496495
CCC(C)[C:1](=[N+]([O-])[O-])C,16.44814306
CCCN(C)C(=[O:1])c1ccccc1,0.144783392
CC(=[O:1])OCC(C)(C)C,-6.19550932
CCC(C)[C:1](=C=[N-])CC,24.91008021
C[N:1](C)Cc1ccccc1,10.05950069
CCC[N:1](CCC)c1ccccc1,3.68244948
CCC(C)[C:1](=C=[N-])C(C)C,27.56017001
CCC[NH:1]C(C)(C)C,10.03552681
C[N:1]=Cc1ccccc1,8.395927605
CC(C)C(C(C)C)[O:1]C(C)(C)C,-5.447080502
CC(C)OC(=[O:1])C,-3.021143803
CCC[C-:1](CC)CC,41.71932311
[C-:1]#[N+]CC(C)(C)C,9.277756363
CC(C)(C)C[C:1](=C=[N-])Cc1ccccc1,24.97859987
CC=[NH:1],10.13780538
CC(=[O:1])Oc1ccccc1,-4.874242362
CCCC(=[CH:1]c1ccccc1)[O-],18.06151796
CCN(C)C(=[O:1])C(C)C,-0.739237247
CCC(C(C)C)[C:1](=[N+]([O-])[O-])C,15.64865375
CC(C)[C:1](=C(C)[O-])Cc1ccccc1,19.36839132
CCC(=[C:1](c1ccccc1)C(C)C)[O-],19.89000518
CC(C)C[C:1](=C=[N-])CC(C)(C)C,24.39691035
CC(=[O:1])C(C)(C)C,-2.552689567
CCC[C:1](=C(C)[O-])CC,22.22688729
CCC(C)(C)[O:1]c1ccccc1,-5.474855058
CC(=[O:1])C,-1.844510604
CCC(C(C)C)C(=[O:1])CC,-2.886581264
CCC(C(C)C)C(=[O:1])O,-5.46256519
CC(C)(C)C[C:1](=[N+]([O-])[O-])C(C)(C)C,12.47618606
CCC[C:1](=[N+]([O-])[O-])C(C(C)C)C(C)C,15.83331072
CC(C)NC(=[O:1])c1ccccc1,-1.332601065
CCCC(=[O:1])OC,-4.315006706
CC[O:1]CC(C)C,-2.897137456
CCC(CC)[C-:1](C)[N+]#N,8.872437372
CCC[C-:1](C)Cc1ccccc1,40.45498568
CCCC(=[N:1]CC)CC,11.22432439
c1ccc(cc1)[NH-:1],21.49842562
CCC(C)[C:1](=C=[N-])CC(C)(C)C,25.16240901
CC[CH-:1]CC,40.28906517
CCN(c1ccccc1)C(=[O:1])C,-1.304413851
CCC[C:1](=[N+]([O-])[O-])C,16.46986836
C[C:1](=[N+]([O-])[O-])Cc1ccccc1,17.38885072
CCC[CH-:1]Cc1ccccc1,40.12769084
CCCC(=[N:1]CCC)C(C)C,9.654086978
CCC[C:1](=C=[N-])C(CC)C(C)C,25.21227134
CCC(C)[C:1](=[N+]([O-])[O-])CC,14.26704421
CC(C)[CH-:1][N+]#N,9.695585713
CCCN(CC)C(=[O:1])C,1.542451879
CC(=[N:1]C)c1ccccc1,9.618278491
CC(C)C[C-:1](C(C(C)C)C(C)C)[N+]#N,5.319255482
CCC(CC)[N-:1]CC(C)(C)C,31.49600554
CC(C)C[C-:1](C)C(C)C,41.116598
CC[C-:1](C(C)(C)C)[N+]#N,8.893535952
CCC(C(C)C)[C:1](=[N+]([O-])[O-])CC(C)(C)C,14.66934685
c1ccc(cc1)CC=[O:1],-5.506849035
[C:1](C(C)CC)(C#N)=C=[N-],13.18291163
CCC(C)C(=[O:1])C(C(C)C)C(C)C,-4.484915151
CCC[C:1](=C=[N-])CCC,27.07872553
CC(C)(C)CC=[O:1],-4.371362738
CCC(C)C(=[O:1])Cc1ccccc1,-3.769311018
CCC[N:1]=CCc1ccccc1,8.955604848
CC[O:1]c1ccccc1,-6.57884224
CC(C)C[C-:1](CC(C)C)[N+]#N,6.252725473
CC[C:1](=C=[N-])CC(C)C,25.18282693
CC[C-:1](Cc1ccccc1)[N+]#N,9.001934586
CC[C:1](=[N+]([O-])[O-])C,17.75311536
CCC(C(C)C)[NH-:1],31.19010487
c1ccc(cc1)C[C:1](=[N+]([O-])[O-])Cc2ccccc2,15.82649213
[C:1](CC)(C#N)=C=[N-],13.31455434
CCC(=[O:1])C(C)C,-2.224576982
[N:1]#CC(C)(C)C,-0.208581288
CCC(C)[C-:1](C)[N+]#N,8.080847732
CCC(=[O:1])NCC,-1.508716153
CCCC(=[O:1])C(C(C)C)C(C)C,-3.777318022
CCC(C(C)C)C(=[O:1])OCC,-4.416567245
CCC(C(C)C)[C:1](=[N+]([O-])[O-])Cc1ccccc1,13.03563809
CCC(CC)C(=[O:1])C(C)(C)C,-4.134982804
CC(C)(C)[C:1](=[N+]([O-])[O-])Cc1ccccc1,15.08235236
CCC[CH-:1]CC(C)C,40.89918152
CC(C)C(C(C)C)[C:1](=[N+]([O-])[O-])c1ccccc1,9.901719106
CCC(C=[O:1])C(C)C,-4.960516515
CCC(=[NH:1])C,10.24260604
CCCOC(=[O:1])C(C)CC,-3.754166389
CC(=[O:1])OC(C)(C)C,-2.862272985
CCC(C)[N-:1]C(C)CC,31.9044304
[C-:1]#[N+]C(C(C)C)C(C)C,11.32381209
CCCC=[N:1]CC,9.765389788
CCC(=[N:1]C)C,10.71411491
CC[N:1](C(C)C)C(C)C,9.556049276
CC[C:1](=[N+]([O-])[O-])C(C(C)C)C(C)C,12.33999217
CCC(CC)[O:1]CC(C)(C)C,-3.229578637
CC[N:1](CC(C)C)C(C)C,8.069668919
CCC[C:1](=C=[N-])Cc1ccccc1,25.1202609
CC(C)C[CH-:1]C(C)C,40.82518305
CNC(=[O:1])c1ccccc1,-0.783252192
CN(Cc1ccccc1)C=[O:1],-0.394309929
CCCC(=[C:1](C)C)[O-],23.70322345
CCC(C)C(=[O:1])CC,-2.880591633
CCC(CC)[N-:1]c1ccccc1,21.96098745
CC[NH:1]CC,10.77871699
CCC(C)[C:1](=C=[N-])CC(C)C,25.35656549
CCC(C(C)C)[C:1](=C=[N-])C(C)(C)C,22.53118477
CCC(=[O:1])C,-2.342042452
CCCOC(=[O:1])C(C)C,-3.589984816
c1ccc(cc1)[CH:1]=[N+]([O-])[O-],14.64647368
C[NH:1]C,11.40203778
CCC[N:1]=C(C)c1ccccc1,9.342586865
CCC(C)[C-:1](C(C)(C)C)[N+]#N,6.983865307
CCCC(=[C:1](CC)c1ccccc1)[O-],18.25970815
CC(C)C[C-:1](C(C)C)[N+]#N,7.617276136
CC[N:1](CC)CC(C)C,10.5629521
CC[CH-:1][N+]#N,9.974706991
CC(C)[CH:1]=[N+]([O-])[O-],17.7192455
CC(C)N(C)C=[O:1],0.225776401
CCC(C(C)C)[O:1]CC(C)C,-3.454714971
CC=[O:1],-4.545883498
CC(C)(C)C[C-:1](C(C)(C)C)[N+]#N,5.406759528
CCCC(=[N:1]CCC)c1ccccc1,9.812905154
CCC(C(C)C)[C:1](=[N+]([O-])[O-])CC,15.62074814
[N:1]#CC(CC)CC,-0.237503032
CCC(=[O:1])OC,-6.555627337
CCC[N:1]=C(C)C,10.72043183
CCC[C-:1](CC(C)C)CC(C)C,41.76152872
[N:1]#CCCC,-0.238987183
[N:1]#CCC(C)(C)C,-0.424987223
CC[CH-:1]C,40.81662627
CCC(=[O:1])N(C)C(C)C,0.526088222
CCOC(=[O:1])Cc1ccccc1,-4.015772261
CCC=[N:1]CC,9.730461974
CC[N-:1]C,29.92596665
c1ccc(cc1)C[O:1]Cc2ccccc2,-4.023584511
CC(C)[C-:1](C)C(C)C,41.84061878
CCC(CC)[C:1](=[N+]([O-])[O-])c1ccccc1,15.05662538
CCC(=[O:1])N(CC)Cc1ccccc1,-0.238078938
CC(C)C=[O:1],-4.756556635
CCC(=[C:1](C)C)[O-],23.50409845
C[CH:1]=C(c1ccccc1)[O-],21.61942504
CCN(C(C)C)C(=[O:1])C,1.195491957
CC(C)CC(=[O:1])C(C)(C)C,-3.813963569
[CH2-:1]c1ccccc1,30.11886516
CCC[N:1]=C(C)C(C)C,10.75756877
CC(C)C[CH:1]=[N+]([O-])[O-],16.73392412
CCC[C:1](=[N+]([O-])[O-])CC,16.82252388
CCCC(=[N:1]C)c1ccccc1,9.806930797
CCC[C-:1](c1ccccc1)C(C)C,30.61597018
CCCN(C)C(=[O:1])C,0.948296691
c1ccc(cc1)C=[NH:1],9.687426991
CCC(C)[C:1](=C=[N-])Cc1ccccc1,25.93322494
CC[C:1](=C[O-])Cc1ccccc1,19.70102369
CCC[C-:1](CC(C)C)C(C)C,41.80728079
CC(=[O:1])OC,-3.689923366
CCC(=[N:1]C)c1ccccc1,9.778731697
CCC[N-:1]c1ccccc1,22.01742925
CCC(CC)[CH:1]=[N+]([O-])[O-],17.14904563
CCC(C)[C-:1](C(C)C)[N+]#N,8.503845467
CCC(CC)[C:1](=C=[N-])C(CC)CC,25.83648414
CCC[C-:1](CCC)Cc1ccccc1,40.33108447
CC(=[NH:1])C,10.51657151
CCC(C(C)C)[C-:1](C(C)C)[N+]#N,7.859593843
CCC[C-:1](C(C)C)C(C)(C)C,39.88799552
CC(C)C(=[N:1]C)C,9.141290303
C[C:1](=C(C)[O-])c1ccccc1,19.02460917
CC[C:1](=C[O-])C,20.83165797
CC(C)C(C(C)C)[C-:1](C)[N+]#N,5.86410698
CCC(CC)C(=[O:1])CC(C)(C)C,-4.102450546
CC(C)C([CH:1]=[N+]([O-])[O-])C(C)C,15.68083645
CC[NH:1]C,11.44998554
CC(C)(C)[CH-:1]c1ccccc1,31.67600899
C[C:1](=[N+]([O-])[O-])c1ccccc1,15.3906811
CCC[N:1](C)c1ccccc1,4.042057631
c1ccc(cc1)CC(=[O:1])Cc2ccccc2,-4.532378088
CC(C)C(=[NH:1])C,10.64394676
CCC(=[O:1])OCc1ccccc1,-3.996863751
CC(C)C(=[N:1]C)C(C)C,8.261166004
c1ccc(cc1)NC=[O:1],-2.107380609
CC(C)(C)C(=[O:1])Cc1ccccc1,-3.542047477
CC(C)COC(=[O:1])C(C)C,-3.514380964
CC(C)C[C-:1](CC(C)(C)C)[N+]#N,6.602429507
CCN(C=[O:1])C(C)C,0.313975308
CCC[N:1](C)CCC,10.6588476
CC(C)C[C:1](=[N+]([O-])[O-])Cc1ccccc1,15.95744835
CC(C)[C-:1](CC(C)(C)C)[N+]#N,5.935531476
CC(C)[C:1](=C=[N-])C(C)(C)C,25.35149596
CCCC(=[O:1])O,-3.560278179
CCC(C(C)C)OC(=[O:1])C,-3.495898934
CC[N:1](CC)c1ccccc1,5.21677759
CCNC(=[O:1])c1ccccc1,-0.771031746
CCC(C)[O:1]C(C)(C)C,-3.03450448
CCC[C-:1](C(C)(C)C)[N+]#N,7.738712337
CCC(C)[O:1]C(CC)CC,-3.870605341
CCC(C(C)C)[C-:1](C(CC)C(C)C)[N+]#N,4.947993654
C[CH2-:1],39.13245241
CCC(C(C)C)[C-:1](Cc1ccccc1)[N+]#N,6.408803967
CC[C-:1](CC(C)C)C(C)C,40.17428951
CCC(=[C:1](C)Cc1ccccc1)[O-],23.34518143
CCC[C:1](=[N+]([O-])[O-])C(CC)C(C)C,12.38093222
CC[C:1](=C[O-])C(C)C,20.30534403
CCC[C-:1](CC)[N+]#N,9.495761135
CCCC(=[O:1])OCC,-3.717431764
[C:1](CC(C)C)(C#N)=C=[N-],13.00512428
CCC[N-:1]CCC,30.15772128
CCCOC(=[O:1])CC(C)C,-6.629021364
[C:1](C(C)C)(C#N)=C=[N-],13.44782199
CC(C)(C)[CH:1]=[N+]([O-])[O-],17.9047674
CCC(C)OC(=[O:1])CC(C)C,-3.707145247
C[CH-:1]c1ccccc1,31.1121963
CC(C)C[O:1]Cc1ccccc1,-3.682756455
C[C:1](=C=[N-])c1ccccc1,19.33017442
CCC[N:1](CC)CCC,9.771814166
CCCN(C)C(=[O:1])CC,-1.515383823
C[C:1](=C=[N-])C,27.62467501
CC(=[N:1]C)C,11.18691592
CCC(C(C)C)[C-:1](c1ccccc1)[N+]#N,4.747348255
CC(C)[C:1](=C(C)[O-])c1ccccc1,19.64803306
CC(C)C[O:1]CC(C)(C)C,-3.718893368
c1ccc(cc1)CNC=[O:1],-0.601308868
CCC[N:1]=C(CC)c1ccccc1,9.393789902
CC[C-:1](C(C)C)C(C)(C)C,39.87096476
CC(=[CH2:1])[O-],21.73525368
CC(C)N(C)C(=[O:1])c1ccccc1,0.992513851
[N:1]#CC2=CC=CC=C2,-0.608122915
CC(C)C[C:1](=C=[N-])Cc1ccccc1,25.31551073
CC(C)[N-:1]C,29.80974984
CCC[C:1](=[N+]([O-])[O-])CC(C)(C)C,15.17666511
CCC(CC)[O:1]C(C)C,-3.11908278
CCCC(=[CH:1]CC)[O-],23.14047297
CCC[NH:1]CC,10.99448188
CCC(C)[N-:1]CC(C)C,32.91537781
CC(C)C(=[O:1])N(C)C(C)C,0.627960158
CC(C)C([CH-:1][N+]#N)C(C)C,8.980231548
CCC[C-:1](C(C)CC)[N+]#N,8.873003908
CCC(C)[N-:1]CC(C)(C)C,30.83172037
CC[CH:1]=C(c1ccccc1)[O-],21.50688805
CC[N:1]=C(C(C)C)C(C)C,9.622584197
CCN(c1ccccc1)C(=[O:1])C(C)C,-1.270509508
CC[N:1](c1ccccc1)C(C)C,6.727131823
[CH2:1]=C=[N-],24.07023448
CC(C)[C:1](=C=[N-])C(C)C,26.28882272
CC(C)[O:1]C,-3.760068844
CCCC(=[O:1])OC(C)CC,-3.143819849
CCC(CC)[C-:1](CC(C)(C)C)[N+]#N,6.21921825
c1ccc(cc1)C[CH:1]=C=[N-],25.21101613
CC[N:1]=CC(C)C,8.206498617
CCN(CC)C(=[O:1])C(C)C,-0.796880696
CCCC(=[NH:1])C,10.64855661
C[NH:1]Cc1ccccc1,10.46705659
CCC(C)[C:1](=C=[N-])C(C)(C)C,24.1102462
CCC(C)[C-:1](CC)[N+]#N,7.633756388
CCC[N:1](CC(C)C)CC(C)C,7.973773413
CC(C)(C)C[C:1](=C=[N-])C(C)(C)C,24.94473141
CC(C)C(=[N:1]c1ccccc1)C,6.396319101
CCC(C)[C-:1](C(C(C)C)C(C)C)[N+]#N,5.893106954
CC(C)(C)CC(=[O:1])OC,-4.125720627
CC(C)C[C:1](=[N+]([O-])[O-])CC(C)(C)C,16.01670885
CCCC(=[N:1]C)C(C)C,9.767912677
CCC(C(C)C)C(=[O:1])CC(C)C,-2.35742155
CCC[C:1](=C=[N-])CC(C)C,25.83634404
CCC(C)[C:1](=C=[N-])c1ccccc1,19.54044642
C[C:1](=C[O-])Cc1ccccc1,20.35269944
CCC[C:1](=[N+]([O-])[O-])C(CC)CC,15.32974679
CCC(C)(C)[O:1]C(C)(C)C,-5.149135579
C[CH-:1]Cc1ccccc1,40.14515898
C[CH-:1]C,40.8878056
CCC[N:1]=CC(C)C,9.466731213
CCC(C)[C:1](=[N+]([O-])[O-])C(CC)C(C)C,10.38964863
CCC[N:1]=C(C)CC,10.69242243
CCC(C(C)C)[C:1](=C=[N-])Cc1ccccc1,24.3682357
[N:1]#CC(C)(C)CC,-0.460285014
CCC[C-:1](C(C)C)[N+]#N,8.977818124
CC[N:1](C)Cc1ccccc1,9.96360518
CCC[N:1]=C(C(C)C)C(C)C,10.78497265
CCC(=[N:1]c1ccccc1)C,7.844224533
CC(C)C(C(C)C)[C:1](=[N+]([O-])[O-])C(C)(C)C,15.2884722
CC(C)[C:1](=C=[N-])c1ccccc1,20.44550312
CC(C)CC(=[O:1])OC,-4.093423411
CCC(C(C)C)[C:1](=C=[N-])CC(C)C,24.96741185
CCC(C)[C-:1](C(CC)C(C)C)[N+]#N,5.766578965
CC(C)(C)[NH2:1],10.17937007
CCC[C-:1](CC)C(C)(C)C,40.94851753
CCC[C:1](=[N+]([O-])[O-])Cc1ccccc1,15.76582315
CC(C)(C)CC(=[O:1])Cc1ccccc1,-3.863648513
CC(C)[NH:1]C,11.01845576
CCC[CH:1]=C(C)[O-],22.49103039
CCC(C)C(=[O:1])C(C)C,-3.360210064
CCCC(=[O:1])C(CC)C(C)C,-2.73351195
CC(C)[C:1](=C[O-])C,20.82691472
CCC(C(C)C)[O:1]C,-3.658734765
CCC[CH-:1]C,40.4851415
CCC(C)[C-:1](C(CC)CC)[N+]#N,6.128033275
CC(C)(C)[N-:1]c1ccccc1,21.01811781
CC[C-:1](CC)c1ccccc1,29.87561958
CC(C)(C)C(=[O:1])O,-4.912992061
CC(C)[CH:1]=C(c1ccccc1)[O-],20.95971688
CC(C)[N-:1]Cc1ccccc1,29.28748871
CCCOC(=[O:1])CC(C)(C)C,-4.017902335
C[C:1](=[N+]([O-])[O-])C(C)(C)C,17.54757825
c1ccc(cc1)C[C:1](=C=[N-])Cc2ccccc2,24.44054939
CC[C-:1](C)Cc1ccccc1,39.9775302
CCC(C(C)C)[C:1](=[N+]([O-])[O-])C(C)(C)C,10.74402564
C[CH-:1]C(C)C,40.86711538
CC(C)C(=[O:1])OC,-5.038367923
CC[NH:1]C(C)(C)C,11.04242963
c1ccc(cc1)C[C-:1](c2ccccc2)[N+]#N,5.404361457
CNC=[O:1],-0.057646214
CCC(C)[C:1](=[N+]([O-])[O-])Cc1ccccc1,16.13040255
CCC[N-:1]C(C)C,29.5067681
CCC(C)[O:1]CC(C)(C)C,-3.255158999
CC[C-:1](C)CC(C)C,41.96531679
CCC[C-:1](C)C,40.51852136
c1ccc(cc1)C(=[O:1])c2ccccc2,-3.124563949
CCC[O:1]CCC,-3.073997506
CCC[CH:1]=[N+]([O-])[O-],18.09631605
CCOC(=[O:1])C,-3.451586025
CCC=[N:1]c1ccccc1,6.73167693
[C-:1]#[N+]C(C)(C)C,9.50372764
CC[CH-:1]CC(C)C,40.77100091
CCC(C)[N-:1]C(C)C,29.71452083
CCC(C)C(=[O:1])OCC(C)C,-4.818335416
CCCC(=[O:1])CC(C)(C)C,-3.004103082
CCC(=[C:1](C)c1ccccc1)[O-],19.21553062
CCC(CC)[N-:1]CC,30.23436291
CC(C)[NH:1]c1ccccc1,7.182635481
CCC[C-:1](C)[N+]#N,9.302336654
CC=[N:1]c1ccccc1,6.820991248
CCC(C)[O:1]C(C(C)C)C(C)C,-6.328800327
CCC(C)[C-:1](CC(C)(C)C)[N+]#N,6.984096236
CCN(C(C)C)C(=[O:1])C(C)C,-0.633890543
CC(C)[C:1](=C(c1ccccc1)[O-])C,20.89698593
CCC(C)C(=[O:1])C(CC)CC,-3.770907369
CCC(=[O:1])OC(C)(C)C,-2.881496213
CCC(C)[N-:1]C(C)(C)C,27.03920167
CC[C:1](=C(CC)[O-])C,23.99327041
CC(C)C(C(C)C)[C:1](=C=[N-])C(C)C,21.66114251
CC(=[O:1])c1ccccc1,-4.287650307
CC(C)[N:1](C)C(C)(C)C,8.381329317
CN(C)C=[O:1],0.435744439
CCC(C)[CH:1]=C=[N-],25.50156049
CCC[C-:1](Cc1ccccc1)[N+]#N,8.012988223
CC(C)C(=[O:1])CC(C)(C)C,-2.551799765
C[N-:1]C,30.19134443
CC(C)C[C:1](=C=[N-])C(C)(C)C,25.35987719
C[CH:1]=C=[N-],25.92301939
CC[CH2-:1],38.73729085
CC(C)C(=[NH:1])C(C)C,9.985965131
CC(C)(C)[N-:1]C,30.24078481
CCCN(Cc1ccccc1)C(=[O:1])C,0.265711965
CCC(CC)[C-:1](Cc1ccccc1)[N+]#N,7.421846684
CC(C)C=[N:1]C,8.479026465
CCC(CC)[N-:1]CC(C)C,29.8893494
CCC(=[N:1]CC)CC,10.3116654
CCC(C(C)C)C(=[O:1])C(CC)C(C)C,-3.371581308
C[N-:1]Cc1ccccc1,29.57159542
CC(C)[N:1](C)C,10.5629521
CCC(=[O:1])CC,-2.169728504
CCC(CC)C(=[O:1])C(C(C)C)C(C)C,-4.330732809
CCC(C(C)C)C(=[O:1])c1ccccc1,-3.995183796
CCC(C)[C:1](=[N+]([O-])[O-])CC(C)(C)C,15.81129372
CC(C)N(c1ccccc1)C(=[O:1])C,-1.278048652
CC(=[O:1])N(C)c1ccccc1,0.059043763
CC(C)[CH:1]=C[O-],19.84757989
CCC(=[O:1])OCC,-3.421267541
[C:1](C)(C#N)=C=[N-],13.52382074
CCC(CC)[C:1](=[N+]([O-])[O-])Cc1ccccc1,15.88856743
CCC(C(C)C)[N-:1]c1ccccc1,23.04106743
CCC[CH-:1][N+]#N,9.93492649
[C-:1]#[N+]C2=CC=CC=C2,8.566792687
CCC[C:1](=C(CC)[O-])C(C)C,20.92037202
CCC(C)[C:1](=[N+]([O-])[O-])C(C)(C)C,15.10727626
CCC[O:1]c1ccccc1,-7.418372849
CCN(Cc1ccccc1)C=[O:1],-0.490829318
CCC(=[O:1])N(C)C,-1.355469614
CC(C)(C)C[CH:1]=[N+]([O-])[O-],15.34932083
CC[C:1](=C(CC)[O-])Cc1ccccc1,22.0521611
CCC[NH:1]CC(C)C,9.675918659
CCC[C-:1](CC)Cc1ccccc1,39.8980594
c1ccc(cc1)C[N-:1]Cc2ccccc2,28.68649155
CCC(CC)[C:1](=C=[N-])C(C)C,25.81517405
CC(C)C(C(C)C)[C:1](=C=[N-])c1ccccc1,17.25334949
CC(C)C[C-:1](C)C(C)(C)C,40.14540817
CCCN(C)C(=[O:1])C(C)C,-0.418377378
CCC(CC)[C:1](=[N+]([O-])[O-])CC,14.39922373
CC(C)[C:1](C=C=[N-])C(C)C,25.76006474
CCC(CC)[C:1](=C=[N-])C(CC)C(C)C,24.50166937
CC(C)C(=[O:1])O,-4.279242234
CC(C)[O:1]C(C)(C)C,-2.432829792
CC(C)(C)C(=[O:1])OC,-6.818619101
CC(C)[C:1](=[N+]([O-])[O-])c1ccccc1,15.29723617
CC[N-:1]C(C)C,30.24587177
CC(C)C(=[O:1])C(C)C,-3.10596924
CCC[N:1](CC)C(C)C,9.89168355
CC[N:1]=C(C)c1ccccc1,9.71070392
CCC(CC)C(=[O:1])c1ccccc1,-5.945451846
CC(C)(C)[N-:1]Cc1ccccc1,29.22951118
[CH2:1]=C[O-],19.76413695
CCC[O:1]C(CC)C(C)C,-3.504006261
CCC(=[O:1])N(CC)CC,1.324415076
CCC[O:1]CC(C)C,-3.559927928
CC(C)C[C:1](=C=[N-])c1ccccc1,18.50374753
CC[O:1]C,-3.424092733
CCC(=[NH:1])Cc1ccccc1,9.282240362
CC(C)C[NH:1]c1ccccc1,6.559314686
CC[C:1](=[N+]([O-])[O-])C(C)(C)C,15.96102696
CCC(C(C)C)OC=[O:1],-4.62494686
CCC(C(C)C)[O:1]C(CC)C(C)C,-4.813661275
CCC(C(C)C)[C:1](=C=[N-])C(CC)C(C)C,23.23420468
CCCNC(=[O:1])CC,-1.726188115
CCCC(=[NH:1])c1ccccc1,10.15500996
CC[O:1]C(C(C)C)C(C)C,-4.810535928
[C:1](CC1=CC=CC=C1)(C#N)=C=[N-],13.14248446
CC(C)[C:1](=C=[N-])Cc1ccccc1,26.4982477
CCC(C)[O:1]C(CC)C(C)C,-4.751695281
CC[N-:1]CC,29.51157819
CC(C)C[N:1](C)CC(C)C,8.526068572
CCCC=[N:1]C,9.82610283
CCC(CC)C(=[O:1])CC(C)C,-4.586262195
CC(C)[C:1](=C=[N-])C,26.54174215
CC(C)[O:1]CC(C)(C)C,-2.95938075
CCC(=[O:1])Cc1ccccc1,-3.385526085
C[C-:1](C)C,40.96688383
CCC(C)[N-:1]C(CC)C(C)C,28.76730496
[N:1]#CC(C)(CC)CC,-0.351284391
CC(C)C(C(C)C)C(=[O:1])C,-3.654313912
CC(C)C[NH:1]C(C)(C)C,9.004426692
CCC[N-:1]Cc1ccccc1,29.73770037
CCN(C=[O:1])c1ccccc1,-2.281210114
CCC[C-:1](CCC)c1ccccc1,30.98688246
COC(=[O:1])c1ccccc1,-5.418071747
CCC[C:1](=C(CCC)[O-])C(C)C,21.66323047
CCC(C)[C:1](=C=[N-])C(C(C)C)C(C)C,23.93651639
CC(C)[CH-:1]C(C)(C)C,40.76971083
CCC(C)[O:1]C,-3.043132436
CCCC(=[N:1]CCC)C,10.62903007
CC(C)CC(=[O:1])Cc1ccccc1,-3.701353034
CCC(=[N:1]c1ccccc1)CC,7.880963605
CC[C:1](=C=[N-])C(C(C)C)C(C)C,24.76444447
CCC[N:1](CCC)C(C)C,9.843735796
CC(C)[C-:1](C)c1ccccc1,32.51647118
CC(C)[C-:1](C)C(C)(C)C,40.98016537
CCC=[NH:1],9.834082617
CC(C)C(C=[O:1])C(C)C,-4.011522592
CC[NH:1]Cc1ccccc1,10.08347456
CC(C)C(C(C)C)[C:1](=C=[N-])C(C)(C)C,23.06377056
CC(C)C[C-:1](C)C,40.54541019
CCC(C(C)C)[N-:1]C(C)C,29.77578367
CCOC(=[O:1])CC(C)(C)C,-3.790399041
CCCN(C=[O:1])C(C)C,0.545784927
CCC(=[CH:1]C)[O-],22.73063109
CC[C-:1](Cc1ccccc1)C(C)C,41.18502385
CC(C)(C)C[N-:1]Cc1ccccc1,29.38275778
CC(C)(C)C[O:1]Cc1ccccc1,-4.013660733
CC(C)C(C(C)C)[C-:1](C(C)(C)C)[N+]#N,1.951959753
CCC[CH:1]=C(CCC)[O-],22.69747229
[C:1](C(CC)C(C)C)(C#N)=C=[N-],12.61923127
CC(C)C[C:1](=C=[N-])C(C)C,26.81560849
C[O:1]Cc1ccccc1,-3.536054161
[C-:1]#[N+]CCC,9.466249945
CC(C)C(=[O:1])N,0.452220762
C[NH-:1],30.09595764
CCC(=[O:1])C(C)(C)C,-3.83456114
CCCN(C(C)C)C(=[O:1])C,1.419772009
CC[C:1](=C=[N-])C,26.59854613
CCC[CH:1]=C[O-],18.96850685
CCC(=[C:1](C)C(C)C)[O-],23.03961377
CCC(C)(C)[O:1]CC(C)C,-2.989991282
CCC(C(C)C)[O:1]Cc1ccccc1,-3.133523531
CCC(CC)[C-:1](C(C(C)C)C(C)C)[N+]#N,5.631695191
CC[C-:1](CC)CC(C)C,42.67173928
CCC[N:1](C)CC(C)C,10.61089985
CC[C-:1](C)C,40.77537471
[C:1](C(C)(C)CC)(C#N)=C=[N-],13.16698566
CC(C)C[NH:1]Cc1ccccc1,9.436179892
CC(C)[NH-:1],29.53743595
CCC(C)(C)[O:1]C(C(C)C)C(C)C,-4.683683424
CC[O:1]C(C)C,-2.600034684
c1ccc(cc1)C[O:1]c2ccccc2,-6.854519967
CC(=[O:1])NCc1ccccc1,0.225032779
[C:1](C(CC)CC)(C#N)=C=[N-],12.10213768
CC(C)(C)[O:1]c1ccccc1,-5.459194073
CCC(C)[O:1]C(C)CC,-2.655646174
CC(=[N:1]c1ccccc1)C,7.918384853
C[C-:1](C)c1ccccc1,31.68043558
CC(C)CC(=[O:1])OCC(C)C,-4.227218852
CCC(CC)[C:1](=C=[N-])CC,24.64773086
CCC[N:1](CCC)Cc1ccccc1,9.532075399
CCC[C:1](=C(c1ccccc1)[O-])C,19.93200702
CCC[C:1](=C(C)[O-])c1ccccc1,18.11702455
CCC[C:1](=C[O-])C(C)C,20.57773913
CC[C-:1](CC(C)(C)C)[N+]#N,7.089605998
CCC([CH-:1][N+]#N)C(C)C,8.859006444
CCC[N-:1]CC,31.00033788
CCC(C)[C:1](=[N+]([O-])[O-])C(CC)CC,15.15268276
CC[C-:1](CC(C)C)CC(C)C,40.19973778
CCCC(=[N:1]CC)C(C)C,11.23138806
CCC(CC)[C-:1](C(CC)C(C)C)[N+]#N,5.652469946
CC(=[N:1]C)Cc1ccccc1,9.750837451
CCC(CC)[O:1]CC(C)C,-3.763837465
CC[CH:1]=C[O-],20.6435901
CC(C)C(C(C)C)[N-:1]c1ccccc1,19.22581345
CCC(CC)[C:1](=C=[N-])CC(C)C,24.83977163
CCCC(=[O:1])C(C)CC,-3.104286228
CCC[C-:1](C(C(C)C)C(C)C)[N+]#N,4.278559426
CC[C:1](=C[O-])CC,20.53806301
CCC[N:1]=Cc1ccccc1,8.447272617
CC[NH:1]c1ccccc1,6.415471426
CCC(C(C)C)[O:1]C(C)(C)CC,-4.059441996
CCC[CH-:1]C(C)(C)C,40.67022883
C[C-:1](C)[N+]#N,10.01727305
CCC(CC)C(=[O:1])C,-2.763581479
CCC(C)[N-:1]CC,28.98880251
CC(C)C[N-:1]c1ccccc1,21.70601315
CCC[N:1]=C(CC)C(C)C,9.475619348
c1ccc(cc1)C[CH-:1][N+]#N,9.545782549
CCC(=[N:1]C)CC,11.06440611
C=[NH:1],9.003297086
CC(C)[C:1](=C(C)[O-])C,23.31958211
CCC(C(C)C)[O:1]CC(C)(C)C,-3.862957178
CCC(C)[O:1]CC(C)C,-2.104650682
CCC([CH:1]=[N+]([O-])[O-])C(C)C,17.43710417
CC(C)(C)[C:1](=[N+]([O-])[O-])c1ccccc1,15.63062077
CCC(C)C(=[O:1])CC(C)C,-3.281649538
CCC[C:1](=C[O-])C,19.86879109
CCC(C(C)C)[C:1](=[N+]([O-])[O-])c1ccccc1,13.7150271
CC(=[O:1])N(C)C,1.164576859
CCC(CC)OC(=[O:1])CC,-3.886233235
CC[C:1](=C(CC)[O-])c1ccccc1,18.53082188
CCC(CC)[O:1]C,-1.874589723
c1ccc(cc1)C[CH:1]=[N+]([O-])[O-],18.23529865
CCC(C)(C)[O:1]C(C)C,-3.135880499
CCC[C:1](=C=[N-])CC(C)(C)C,25.3570409
CCCN(CC)C=[O:1],0.437486851
CC(C)[C:1](=[N+]([O-])[O-])Cc1ccccc1,16.62571429
c1ccc(cc1)C[NH2:1],9.148493372
CCC(C)[C:1](=[N+]([O-])[O-])C(C(C)C)C(C)C,13.2082084
CC(C)C(=[O:1])Nc1ccccc1,-1.624123708
CC(C)C[C-:1](C(C)(C)C)[N+]#N,7.29610769
CCC(C(C)C)[C:1](=C=[N-])c1ccccc1,19.84380529
c1ccc(cc1)C[C-:1](Cc2ccccc2)[N+]#N,8.051651827
[CH2-:1]Cc1ccccc1,38.55929138
c1ccc(cc1)C[CH:1]=C[O-],20.33793319
CCC[O:1]Cc1ccccc1,-3.160289209
C[C:1](=C=[N-])CC(C)(C)C,25.32461005
C[C-:1](C)C(C)(C)C,41.11176973
CCC[CH-:1]c1ccccc1,31.07958815
CCC[C:1](=C(CCC)[O-])C,23.66427455
CC(C)C[CH-:1]Cc1ccccc1,41.10520344
CCC(C(C)C)[O:1]C(C)C,-5.510791873
c1ccc(cc1)COC=[O:1],-5.231207266
CCC(=[O:1])OC(C)C,-3.204257316
CC(C)C(C(C)C)[C:1](=C=[N-])C,23.81525947
CCC(CC)[N-:1]C(CC)C(C)C,28.62594165
CCC(C(C)C)[C-:1](CC(C)C)[N+]#N,8.673024301
c1ccc(cc1)[NH2:1],5.672281248
CCC(C)OC(=[O:1])C(CC)CC,-4.846782629
CC[CH:1]=[N+]([O-])[O-],17.61860795
CCCN(CCC)C=[O:1],0.309872316
CCC(C)C(=[O:1])C(C)CC,-3.256224002
CC[N:1](CC(C)C)CC(C)C,7.158661604
CC(C)C(=[O:1])NC,-0.830008638
CCCC(=[O:1])OC(C)C,-4.384207896
CCCC(=[N:1]C)C,10.60806023
CC(C)[C-:1](C(C)(C)C)[N+]#N,7.295720825
CCCC(=[C:1](CC)CC)[O-],22.42844088
[CH2-:1][N+]#N,9.544169518
CC(C)(C)C[C-:1](c1ccccc1)[N+]#N,3.897978482
CC[N:1]=CCc1ccccc1,8.971221897
CCC[N:1](C)C(C)C,9.364258262
[N:1]#CC(CC)(CC)CC,-1.333077148
CC[C:1](=C=[N-])CC(C)(C)C,25.41968801
CC(C)C(C(C)C)[C-:1](c1ccccc1)[N+]#N,1.18993739
[C:1](C(C(C)C)C(C)C)(C#N)=C=[N-],12.99373023
CC(C)C[O:1]CC(C)C,-2.82152399
CCCOC(=[O:1])C(C)(C)C,-5.622723757
CCC[C:1](=C=[N-])C(C)C,25.39960409
CCCOC(=[O:1])C(CC)C(C)C,-3.971163609
CCCC=[O:1],-3.867334856
CC(C)(C)CC(=[O:1])CC(C)(C)C,-3.229699804
CCCC(=[O:1])OCC(C)C,-6.306466513
CC(C)C[N:1](C)C,9.675918659
CCC(C)OC(=[O:1])C(C)C,-4.185896841
[C-:1]#[N+]CC,9.455665006
CCC[C-:1](CC)c1ccccc1,31.77091084
CCCC(=[O:1])C(CC)CC,-3.433354158
CC[C:1](=C(c1ccccc1)[O-])C,21.05415804
CC(C)[NH2:1],10.6588476
CCOC(=[O:1])CC(C)C,-3.743877065
CCC[C-:1](CCC)CCC,41.04449998
CCC(CC)[C:1](=[N+]([O-])[O-])CC(C)C,14.77990864
CCC(=[N:1]C)C(C)C,9.51237963
CCC[C-:1](CCC)C(C)(C)C,39.95308006
CCC[C:1](=C(CCC)[O-])c1ccccc1,18.39471631
CCC[C:1](=C=[N-])CC,27.03381118
CCC(CC)[C-:1](C(C)(C)C)[N+]#N,6.567467955
CC(C)C[CH-:1]c1ccccc1,31.65838306
CCC(C(C)C)[C:1](=[N+]([O-])[O-])CC(C)C,15.88347619
CCC[C:1](=C[O-])CC,20.71405672
CCC(C)[O:1]C(C)(C)CC,-4.214832454
CCC(=[N:1]CC)C,10.70416105
CCC[C-:1](C)CCC,42.49602293
c1ccc(cc1)C[N-:1]c2ccccc2,21.63622024
CC[C:1](=C=[N-])CC,26.86168581
CC(C)[CH2-:1],39.01140114
CCC(C(C)C)C(=[O:1])Cc1ccccc1,-2.131457942
CC(C)[C:1](=[N+]([O-])[O-])CC(C)(C)C,13.17730132
CCC(CC)[O:1]CC,-4.511271084
CC[C-:1](CC)C(C)(C)C,39.52743905
[C-:1]#[N+]C(C)C,9.484074925
[NH3:1],9.556049276
CCC(C(C)C)[N-:1]Cc1ccccc1,30.49719523
CC(C)C(C(C)C)[O:1]c1ccccc1,-8.290275889
COC=[O:1],-5.234063675
CC[C:1](=[N+]([O-])[O-])CC,17.60294274
C[NH:1]c1ccccc1,6.127784905
CC(C)(C)[O:1]C,-3.261529984
CC[N:1](C)C,10.80269087
CCC[C-:1](C(CC)C(C)C)[N+]#N,7.988338873
CCCN(CC)C(=[O:1])CC,-1.291062797
CCC(CC)[C:1](=[N+]([O-])[O-])C(C)C,16.18015587
[C-:1]#[N+]CC1=CC=CC=C1,9.182694607
CC(C)C[C-:1](C)CC(C)C,40.46673491
CC[NH2:1],10.70679536
CC[C:1](=[N+]([O-])[O-])CC(C)C,16.87351576
CCC(CC)[N-:1]Cc1ccccc1,28.89376507
CC[CH-:1]C(C)C,39.8934431
CC[O:1]CC,-3.413733779
[CH2:1]=C(c1ccccc1)[O-],21.04800336
[C-:1]#[N+]C(CC)CC,9.473129692
CCC(CC)C(=[O:1])OC,-4.009705993
CC(C)(C)[N-:1]C(C)(C)C,29.07323457
CC[N:1](C)CC,10.970508
CC[CH-:1]c1ccccc1,31.34611046
c1ccc(cc1)CC=[NH:1],9.47927563
CC(C)C[N-:1]Cc1ccccc1,29.50302825
CC(C)C(=[O:1])C(C)(C)C,-4.873760713
CCOC(=[O:1])C(C)C,-3.879347274
CCCC(=[O:1])C,-2.699459868
CC(C)C[C:1](=C=[N-])C(C(C)C)C(C)C,23.44381317
CC[C-:1](C(C)C)[N+]#N,8.331659683
CCC(=[NH:1])c1ccccc1,10.12804265
CC(C)(C)C[N-:1]CC(C)(C)C,29.82108921
CCCC(=[O:1])Oc1ccccc1,-6.99823104
CCC(CC)[C:1](=C=[N-])Cc1ccccc1,25.80905347
C[N:1]=CCc1ccccc1,9.003728114
CCC(=[O:1])N,0.512736163
CCC(C(C)C)[C:1](=[N+]([O-])[O-])C(CC)C(C)C,10.86077272
CC[CH:1]=C=[N-],25.91441787
CCOC(=[O:1])C(C)(C)C,-6.381075598
CC(C)[NH:1]Cc1ccccc1,10.46705659
CC(C)C(C(C)C)[N-:1]C(C)C,30.16640058
CC(C)C=[NH:1],10.02101977
CCC[NH:1]Cc1ccccc1,10.49103047
CC(=[CH:1]Cc1ccccc1)[O-],22.45575636
CCC(CC)[O:1]C(C)(C)C,-3.152832473
c1ccc(cc1)[CH:1]=C[O-],16.0698623
CC[C-:1](c1ccccc1)[N+]#N,5.690921572
C[C-:1](C(C)(C)C)[N+]#N,8.856701787
CCC(=[CH:1]C(C)C)[O-],22.57919821
CCC(CC)C(=[O:1])OCC(C)C,-4.71194985
CCC[C:1](=C(c1ccccc1)[O-])CC,20.07632151
CC[O:1]Cc1ccccc1,-3.622950831
CC(C)CC(=[O:1])C(C)C,-4.637260246
CCC[C:1](=C(CC)[O-])CC,22.66292835
CC[C:1](=C(CC)[O-])C(C)C,23.57532668
CC(C)[N:1](C)c1ccccc1,6.942896714
CCC(=[N:1]C)Cc1ccccc1,9.625194573
CCC(C(C)C)C(=[O:1])OC,-4.239722116
CCC(=[O:1])Oc1ccccc1,-4.539862943
CC(C)[O:1]Cc1ccccc1,-2.486419539
[C-:1]#[N+]C(CC)C(C)C,8.369276009
CCC(=[CH2:1])[O-],22.19871755
CC[N:1](C)C(C)C,10.85063862
CCCC(=[CH:1]C)[O-],23.042523
[C:1]([H])(C#N)=C=[N-],12.40566783
CCC(C(C)C)C(=[O:1])C,-3.381644693
CCCC(=[C:1](C)c1ccccc1)[O-],19.25156122
C[CH:1]=[N+]([O-])[O-],18.11835861
CCC=[N:1]C,9.780185971
CCCC(=[O:1])OCCC,-3.771729704
CCC(CC)[C:1](=C=[N-])C,26.3856153
CCC[N:1](CCC)C(C)(C)C,8.35735544
[C-:1]#[N+]C,9.410852014
CC(C)[C-:1](C)[N+]#N,9.302145611
C[C:1](=C=[N-])Cc1ccccc1,26.1658143
CC(C)(C)[O:1]C(C)(C)C,-4.556167054
CCC(C(C)C)[O:1]c1ccccc1,-7.096655177
CC[N:1](Cc1ccccc1)C(C)C,9.96360518
C[C:1](=C[O-])c1ccccc1,16.30837336
CC(C)C[CH-:1]C(C)(C)C,39.8919873
CC(C)C[C:1](=[N+]([O-])[O-])c1ccccc1,14.33255385
CCCN(CCC)C(=[O:1])CC,-0.751313824
CCC[O:1]C(CC)CC,-2.597323445
CC(C)(C)[CH-:1][N+]#N,9.547502419
CC(C)[C-:1](c1ccccc1)[N+]#N,5.218537836
CCCC(=[NH:1])CC,10.88174249
CN(C=[O:1])c1ccccc1,-0.478436161
CC(C)C[N:1](C)c1ccccc1,4.881143316
[C-:1]#[N+]C(C)CC,9.50202694
CC(C)C(=[O:1])N(C)Cc1ccccc1,-1.411818519
CCC[NH:1]CCC,10.89858637
CC(C)C(C(C)C)[C:1](=[N+]([O-])[O-])C(C)C,13.52086459
C[C-:1](Cc1ccccc1)[N+]#N,9.406304225
CC(C)[C-:1](Cc1ccccc1)[N+]#N,8.72426449
CCC[O:1]CC(C)(C)C,-3.784076296
CC[N:1]=C(C)Cc1ccccc1,9.869655575
C[N-:1]c1ccccc1,21.65206533
CCC(=[O:1])N(C)c1ccccc1,-0.195696828
CC(C)(C)C[CH:1]=C=[N-],24.63374891
CC(C)CC(=[O:1])CC(C)C,-2.902492163
CCC(=[O:1])OCC(C)C,-3.335686411
CCC[C:1](=C=[N-])C(CC)CC,26.51973978
CC(C)C(C(C)C)[O:1]C,-4.201602434
[N:1]#CC(C)CC,-0.229711721
CCC[O:1]C(C)CC,-3.918552399
CCC[N:1](c1ccccc1)C(C)C,5.14485596
CC(C)C(C(C)C)[N-:1]C(C)(C)C,30.97700797
CC[C:1](=[N+]([O-])[O-])CC(C)(C)C,15.81152694
CC(C)CC(=[O:1])c1ccccc1,-2.021325333
CC(C)[CH-:1]Cc1ccccc1,40.88246809
CC(C)[N:1](C(C)C)C(C)C,6.96687059
CCC[O:1]C(C)(C)CC,-3.488876271
CN(C)C(=[O:1])c1ccccc1,0.177194484
CCC(=[CH:1]Cc1ccccc1)[O-],22.81692226
CC[N:1](CC)C(C)C,8.069668919
CCCC(=[C:1](C(C)C)C(C)C)[O-],21.77585564
CCC[N:1](CC)CC,10.80269087
CCC(C(C)C)C(=[O:1])CC(C)(C)C,-2.269080207
CCCC(=[O:1])CCC,-2.366428655
CC(C)CC(=[O:1])O,-4.265154564
CCC(C(C)C)[N-:1]CC(C)(C)C,30.76302684
CCC(C)[N-:1]c1ccccc1,21.5685401
CCC[C-:1](CC)C(C)C,41.09208214
CCC[C:1](=C=[N-])C(C)(C)C,26.53530186
CC(=[O:1])OCc1ccccc1,-3.755609508
CCC(CC)[C:1](=[N+]([O-])[O-])C(C(C)C)C(C)C,16.67168057
CC[C:1](=C=[N-])C(C)(C)C,26.43926851
CCC(C(C)C)[C:1](=[N+]([O-])[O-])C(C)C,14.19113354
CCC(C)(C)[O:1]CC,-2.953882601
CC[CH-:1]Cc1ccccc1,39.84008008
CCC(C)[C:1](=C=[N-])C(CC)CC,24.66181432
CCC[NH2:1],10.73076924
C[C-:1](C)Cc1ccccc1,40.27298604
CC(C)[C-:1](C(C)C)[N+]#N,7.613365011
CCC(C(C)C)OC(=[O:1])CC,-5.142536059
[N:1]#CC,-0.315408914
CC[C:1](=[N+]([O-])[O-])Cc1ccccc1,15.53754877
CCC[N:1](CC)Cc1ccccc1,9.651944783
CCC(=[N:1]CC)Cc1ccccc1,9.619745548
CCC(CC)C=[O:1],-3.654769644
CC(C)(C)C[C:1](=C=[N-])c1ccccc1,17.61847223
CC[C:1](=[N+]([O-])[O-])C(C)C,17.31048242
C[C:1](=C(C)[O-])Cc1ccccc1,22.95038344
CCC(CC)[NH-:1],28.97527634
CC(C)[O:1]C(C)C,-2.748926045
CC(C)C[O:1]C(C)(C)C,-2.990386472
CCC(CC)C(=[O:1])C(C)C,-4.119092837
CC(C)C[O:1]c1ccccc1,-7.293423832
CC(C)C[C-:1](Cc1ccccc1)[N+]#N,8.504687758
CC(C)C[O:1]C(C(C)C)C(C)C,-3.513734829
CC[C:1](=C(c1ccccc1)[O-])CC,20.67362334
CCC[CH2-:1],38.98242214
CCC(C)C(=[O:1])OC(C)C,-4.50091068
CCN(Cc1ccccc1)C(=[O:1])C,0.34217144
CCC(C(C)C)[C-:1](C)[N+]#N,6.986881818
CC(C)(C)C[N-:1]c1ccccc1,21.72592972
CCCN(Cc1ccccc1)C=[O:1],-0.73928292
CCCNC(=[O:1])C(C)C,-1.354496042
CCC(C)[N-:1]C,29.9990764
CC(C)[O:1]c1ccccc1,-6.641932419
CC(C)C[CH2-:1],37.95225487
CC(C)(C)C[O:1]C(C)(C)C,-3.496285877
CC(C)[C-:1](C(C)C)C(C)C,39.14215804
[N:1]#CC(C)C,-0.236476459
CCC(CC)[C:1](=[N+]([O-])[O-])C(CC)CC,16.82685488
CC(C)C[NH:1]CC(C)C,11.78748338
CC(C)(C)C=[O:1],-3.911983171
CCC[N-:1]CC(C)(C)C,29.59004886
CC[C-:1](C)C(C)C,42.85182787
CCCC(=[N:1]CC)C,10.78885352
CCOC=[O:1],-4.736747953
CCC(C(C)C)[N-:1]C(C)(C)C,27.7896594
CCC(C)OC=[O:1],-2.61246268
[C-:1]#[N+]C(CC)(CC)CC,9.644491129
[CH2:1]=[N+]([O-])[O-],18.03718548
CCC[O:1]C(C)(C)C,-3.173712245
CCC(C)[C:1](=C=[N-])C(C)CC,26.15582992
CC(C)C[C-:1](C)c1ccccc1,30.78875721
CC(C)N(C=[O:1])c1ccccc1,-1.416064393
CCC[C:1](=[N+]([O-])[O-])CC(C)C,17.3011907
CCC(=[C:1](C(C)C)C(C)C)[O-],21.63497713
CC(C)C(=[O:1])Cc1ccccc1,-3.9253354
[N:1]#CC(CC)C(C)C,-1.254567482
CC(C)C(=[O:1])N(C)c1ccccc1,-1.334695627
CC(C)(C)[CH:1]=C=[N-],25.89714001
CC[N:1](C(C)C)C(C)(C)C,5.816124508
CC[NH:1]C(C)C,10.20334395
CCC[CH-:1]CC,41.39606834
CCC(CC)OC=[O:1],-4.687533604
CCC(C)C(=[O:1])C,-3.079773908
CCC[CH-:1]C(C)C,40.71897106
C[CH:1]=C[O-],20.58193402
CC(C)(C)[NH:1]C,10.44308271
CCCC(=[N:1]CC)c1ccccc1,9.460594514
CCC(=[O:1])CC(C)(C)C,-3.438789012
CC(C)(C)C(=[O:1])c1ccccc1,-5.879442452
CCC(C)C(=[O:1])C(C)(C)C,-3.083085501
C(=[O:1])O,-5.542120916
CC[C:1](=C(C)[O-])C(C)C,21.26030062
CC[C:1](=C[O-])c1ccccc1,16.17653201
CCC[C:1](=C=[N-])C,26.68455142
CCC(C)C(=[O:1])c1ccccc1,-3.151268362
CCC[N-:1]CC(C)C,29.48263249
CC(C)(C)C[N-:1]C,29.78054709
CCC[NH:1]c1ccccc1,5.864072261
CCC(C)[C-:1](Cc1ccccc1)[N+]#N,7.554040541
CCC[C-:1](C)C(C)(C)C,40.52582663
CC[NH-:1],29.79962733
CCC(C)[C:1](=[N+]([O-])[O-])c1ccccc1,15.83770441
[N:1]#CCC1=CC=CC=C1,-0.604875598
[C-:1]#[N+]CC(C)C,9.370673139
CCC(C)C(=[O:1])C(CC)C(C)C,-1.592842378
CCC(=[O:1])c1ccccc1,-4.152810434
CCN(C)C(=[O:1])C,1.024569865
CCCC(=[O:1])OC(C)(C)C,-3.244187749
CC(=[O:1])N,0.410859416
CC[CH-:1]C(C)(C)C,40.47961134
CCC(CC)[C:1](=[N+]([O-])[O-])C(CC)C(C)C,14.9187462
CCCC(=[C:1](C)Cc1ccccc1)[O-],23.7993013
CCC[C-:1](C)CC(C)C,41.57149213
CCCC(=[C:1](C)CC)[O-],23.15989349
CC(C)[N:1](C)C(C)C,9.172467248
CC(C)C(=[O:1])NCc1ccccc1,-1.91251991
CC(=[O:1])Nc1ccccc1,-2.57194403
CCCN(CCC)C(=[O:1])C,0.669874914
CCC[N:1](CCC)CCC,10.6588476
CC(C)C(C(C)C)[O:1]CC(C)(C)C,-4.077934989
CCC(C(C)C)[N-:1]CC,29.4328704
CCC[C:1](=[N+]([O-])[O-])c1ccccc1,13.19408109
[N:1]#CCC,-0.236051004
CCC(C(C)C)[O:1]C(C)(C)C,-5.623810481
CCCOC(=[O:1])C,-3.758908096
CCC[N-:1]C(C(C)C)C(C)C,29.90390495
CCC[N:1](CCC)CC(C)C,8.5011987
CCC[N-:1]C(C)(C)C,29.9289002
CC(C)[N-:1]CC(C)(C)C,32.08634892
CCC[NH:1]C,10.41910884
CCC[N:1](C)Cc1ccccc1,9.915657427
CCC[CH:1]=C(c1ccccc1)[O-],21.52242375
C[N:1](C)C,10.94653413
CCC(=[O:1])N(C)Cc1ccccc1,0.30925945
CCC[N-:1]C(C)CC,28.67049129
CCC(CC)[C-:1](c1ccccc1)[N+]#N,4.943384479
C[N:1]=C,8.588866572
CCCC(=[O:1])CC,-3.225083969
CCC(CC)[C-:1](C(CC)CC)[N+]#N,3.770931701
CCC(=[O:1])CC(C)C,-2.605935912
CC[C:1](=C(C)[O-])CC,22.36449151
CCC(C)[O:1]Cc1ccccc1,-3.200856576
c1ccc(cc1)C=[O:1],-3.11200376
CCCNC(=[O:1])C,-1.602363871
CCC(=[NH:1])C(C)C,10.80734346
CC(=[NH:1])Cc1ccccc1,10.38122231
CC(C)(C)C[C:1](=[N+]([O-])[O-])c1ccccc1,13.48932208
CC(C)C[CH:1]=C=[N-],24.79372288
CCN(C)C=[O:1],0.253154909
CCC(C)[C-:1](c1ccccc1)[N+]#N,6.504394696
CC[C-:1](CC)Cc1ccccc1,41.30912545
CCCN(c1ccccc1)C(=[O:1])C,0.729947781
CC(C)C[C:1](=[N+]([O-])[O-])C(C)C,17.09674387
COC(=[O:1])Cc1ccccc1,-4.474970082
CC[O:1]C(C)(C)C,-3.169556414
CC(C)(C)C[C-:1](Cc1ccccc1)[N+]#N,7.390383677
CC[C:1](=C=[N-])C(C)C,25.96577926
CCC[O:1]C(C)C,-2.985234663
c1ccc(cc1)C(=[O:1])O,-3.77597926
CCC[N-:1]C,30.29045867
CC(C)(C)[NH-:1],29.58557203
CC[CH:1]=C(CC)[O-],22.63952525
CCC(CC)[C:1](=[N+]([O-])[O-])CC(C)(C)C,13.5945637
CCC(C)(C)[O:1]C,-3.445462975
CCCC(=[N:1]CCC)CC,10.5171597
CC[C-:1](c1ccccc1)C(C)C,31.91688572
CC[N:1](C)CC(C)C,9.603997029
CCC(CC)[CH:1]=C=[N-],24.6830134
CC[C:1](C=C=[N-])C(C)C,25.50889998
CCC(=[O:1])N(CC)c1ccccc1,-1.932641823
CC(C)(C)[C-:1](C(C)(C)C)[N+]#N,6.403356335
CCC[N:1](C)C(C)(C)C,8.956702358
CC(=[O:1])N(C)Cc1ccccc1,0.020824264
C=[N:1]c1ccccc1,6.444301854
CC(C)(C)CC(=[O:1])O,-4.176382
CC(C)C[N-:1]CC(C)C,31.35213719
CCC(C)C(=[O:1])OC(C)CC,-3.168949597
CC(C)CC(=[O:1])C(C(C)C)C(C)C,-2.716676436
CCC[C-:1](CCC)[N+]#N,9.589364991
CCC[CH:1]=C(CC)[O-],22.80913505
[N:1]#CCC(C)C,-0.281166843
CCC(=[O:1])NC,-1.513563227
CCC(C)[O:1]C(C)C,-3.602593289
CC[C-:1](C)c1ccccc1,31.64814631
C[C:1](=[N+]([O-])[O-])CC(C)(C)C,15.80152257
CCCOC(=[O:1])CC,-6.305479003
CC(C)(C)C[C:1](=[N+]([O-])[O-])CC(C)(C)C,12.85141209
CC(C)C[NH:1]C(C)C,10.27526558
CCC[N:1](C(C)C)C(C)C,9.196441125
CCC[N:1](C)C,10.80269087
CC(C)[NH:1]C(C)C,9.89168355
CCC(=[O:1])O,-3.680503881
CC(C)CC(=[O:1])OC(C)C,-6.687117147
CC(C)(C)C[O:1]c1ccccc1,-7.63670263
CCC[C-:1](C)C(C)C,41.32015437
CCC[C:1](=C[O-])c1ccccc1,16.54698345
CC[N:1](CC)C(C)(C)C,7.374426495
CCC(CC)[O:1]C(CC)C(C)C,-2.511690934
CC(C)(C)[C:1](=C=[N-])Cc1ccccc1,25.18888627
CCCNC=[O:1],0.036297315
CCC(C(C)C)[C:1](=C=[N-])C,24.61675175
CC[NH:1]CC(C)C,10.92256025
CCC(=[O:1])OCC(C)(C)C,-6.004110267
CC[C:1](=[N+]([O-])[O-])c1ccccc1,15.32337449
CCC(=[O:1])N(CC)C(C)C,0.797599429
CC(C)C(C(C)C)[N-:1]C,30.03250939
